{
  "train_loss": [
    0.7350679660062177,
    0.43838176257019745,
    0.38923421964186045,
    0.3615925044914998,
    0.34364081979344746,
    0.32675154816120044,
    0.3092898863991466,
    0.2921327907694589,
    0.27424551841862704,
    0.2573235185321318,
    0.23740142322734956
  ],
  "train_acc": [
    0.0,
    0.0,
    0.0,
    0.0,
    0.0,
    0.0,
    0.0,
    0.0,
    0.0,
    0.0,
    0.0
  ],
  "train_f1_micro": [
    0.2693223152109064,
    0.4804610808254584,
    0.605533631899746,
    0.6530940224159942,
    0.6781658262253744,
    0.7002151756836106,
    0.7225478524734614,
    0.7396696185230439,
    0.7609615763376608,
    0.7787010346327132,
    0.800569809284213
  ],
  "val_loss": [
    0.7184514309845719,
    0.41251117786043484,
    0.38206659077347765,
    0.3806841994766987,
    0.3562308272514178,
    0.36994068987066214,
    0.35449144086552925,
    0.370917560355173,
    0.3741406690596012,
    0.36332853276382776,
    0.4016793032405695
  ],
  "val_acc": [
    0.0,
    0.0,
    0.0,
    0.0,
    0.0,
    0.0,
    0.0,
    0.0,
    0.0,
    0.0,
    0.0
  ],
  "val_f1_micro": [
    0.2520453877761933,
    0.5519217204088882,
    0.6310020328555265,
    0.6483211808917502,
    0.6452415641181941,
    0.6778919261520947,
    0.7096903584303821,
    0.6925400133275661,
    0.6936768447606393,
    0.7144750319309069,
    0.6940850106718238
  ]
}